|acc|,|gyr|,|id|,|quat|,|timestamp|
|[-323584.0, -81920.0, 4145152.0]|,|[-304.0, -432.0, 0.0]|,|Myo1|,|[0.9988970481683639, -0.010742797462733397, 0.03796602285125098, -0.02545310535204447]|,1517245279.070929
|[-464896.0, -2048.0, 4184064.0]|,|[-512.0, -1264.0, 16.0]|,|Myo2|,|[0.9164594397614352, -0.023193778695261097, 0.05285740092130555, 0.3959422168319967]|,1517245279.081285
|[-438272.0, -14336.0, 4028416.0]|,|[-608.0, -912.0, -32.0]|,|Myo2|,|[0.9164949887824908, -0.02331675562536873, 0.05206594907968463, 0.3959575752402276]|,1517245279.081999
|[-307200.0, -96256.0, 4186112.0]|,|[-400.0, -784.0, -48.0]|,|Myo1|,|[0.9989129310097564, -0.010986455308673846, 0.037476019775143005, -0.025451954798427743]|,1517245279.112927
|[-278528.0, -92160.0, 4167680.0]|,|[-320.0, -640.0, -48.0]|,|Myo1|,|[0.9989290819598072, -0.011230780342209735, 0.036927294059983094, -0.025513403168715594]|,1517245279.113556
|[-405504.0, -4096.0, 4044800.0]|,|[-464.0, -224.0, -80.0]|,|Myo2|,|[0.9165403896159653, -0.023499470564873913, 0.051698835242722604, 0.3958897820357719]|,1517245279.131324
|[-405504.0, -14336.0, 4040704.0]|,|[-304.0, 384.0, -16.0]|,|Myo2|,|[0.9165351037821606, -0.023743483975177178, 0.051698537087339506, 0.39588749887660457]|,1517245279.131921
|[-438272.0, -16384.0, 4059136.0]|,|[-224.0, 800.0, 0.0]|,|Myo2|,|[0.9165012392684935, -0.024049383168284144, 0.05206630416889943, 0.39589923662307347]|,1517245279.132665
|[-260096.0, -110592.0, 4147200.0]|,|[-192.0, -432.0, 16.0]|,|Myo1|,|[0.9989449285150314, -0.011353034138078689, 0.036500615132102454, -0.025452770083757063]|,1517245279.162803
|[-260096.0, -108544.0, 4188160.0]|,|[-112.0, 0.0, 16.0]|,|Myo1|,|[0.9989449285150314, -0.011353034138078689, 0.036500615132102454, -0.025452770083757063]|,1517245279.163415
|[-276480.0, -114688.0, 4163584.0]|,|[-16.0, 464.0, -16.0]|,|Myo1|,|[0.9989337487626869, -0.011413944214751464, 0.03674435517262236, -0.025513522362385622]|,1517245279.164157
|[-464896.0, -22528.0, 4071424.0]|,|[-48.0, 1024.0, -32.0]|,|Myo2|,|[0.9164681187834331, -0.024353698261377944, 0.052613754138616006, 0.39588492963232413]|,1517245279.181229
|[-514048.0, -10240.0, 4110336.0]|,|[-64.0, 800.0, -80.0]|,|Myo2|,|[0.9164538063818768, -0.024658497354530684, 0.05322329131968009, 0.3958177112478502]|,1517245279.181908
|[-311296.0, -116736.0, 4175872.0]|,|[-96.0, 720.0, -64.0]|,|Myo1|,|[0.9989150093772661, -0.011474766085966395, 0.037231953789571816, -0.025513043744329538]|,1517245279.212983
|[-315392.0, -120832.0, 4177920.0]|,|[-128.0, 848.0, -16.0]|,|Myo1|,|[0.9988890244866295, -0.011597245013899152, 0.03784364162430249, -0.02557497716223023]|,1517245279.213531
|[-514048.0, -18432.0, 4073472.0]|,|[-96.0, 480.0, -80.0]|,|Myo2|,|[0.9164524765780399, -0.02490260475816452, 0.05358942886683443, 0.395756101107693]|,1517245279.231305
|[-516096.0, 4096.0, 4075520.0]|,|[-32.0, -112.0, 32.0]|,|Myo2|,|[0.9164538678363661, -0.024841606673952778, 0.05358951022046816, 0.3957567019014983]|,1517245279.231902
|[-516096.0, -8192.0, 4046848.0]|,|[-16.0, -560.0, 64.0]|,|Myo2|,|[0.9164353056634215, -0.024781719335243712, 0.05334783916010592, 0.39583608347058]|,1517245279.232646
|[-360448.0, -116736.0, 4136960.0]|,|[-144.0, 560.0, 16.0]|,|Myo1|,|[0.9988705830327026, -0.011719104915507417, 0.03833123899447218, -0.02551346799313594]|,1517245279.262917
|[-360448.0, -129024.0, 4153344.0]|,|[-160.0, 160.0, 64.0]|,|Myo1|,|[0.9988682441986567, -0.011719077475474616, 0.038392186104549655, -0.025513408253897862]|,1517245279.263396
|[-356352.0, -129024.0, 4143104.0]|,|[-256.0, -400.0, 16.0]|,|Myo1|,|[0.9988723618228168, -0.011963274238757843, 0.03820923302786944, -0.025513513427554993]|,1517245279.264318
|[-479232.0, -12288.0, 4038656.0]|,|[-80.0, -912.0, 16.0]|,|Myo2|,|[0.9164773153332784, -0.024537054995935923, 0.05279739445642929, 0.39582786479762305]|,1517245279.281281
|[-466944.0, -14336.0, 4083712.0]|,|[32.0, -928.0, -16.0]|,|Myo2|,|[0.9165121442056747, -0.024293828397859377, 0.05218900321650695, 0.39584290743748257]|,1517245279.281893
|[-342016.0, -120832.0, 4202496.0]|,|[-64.0, -784.0, -48.0]|,|Myo1|,|[0.9988878466294034, -0.01202449775655316, 0.037782558940641656, -0.025513908945376758]|,1517245279.312915
|[-303104.0, -118784.0, 4149248.0]|,|[144.0, -848.0, -48.0]|,|Myo1|,|[0.998910004199084, -0.01196299406226448, 0.03717073155060749, -0.02557395159228988]|,1517245279.313513
|[-448512.0, -38912.0, 4108288.0]|,|[288.0, -496.0, -48.0]|,|Myo2|,|[0.91654321695996, -0.02398784524941824, 0.051882108045815535, 0.3958299655024867]|,1517245279.331272
|[-432128.0, -20480.0, 4126720.0]|,|[384.0, 192.0, 0.0]|,|Myo2|,|[0.9165414157202718, -0.023804685144572856, 0.052004081392759166, 0.3958291875962948]|,1517245279.331885
|[-462848.0, -6144.0, 4091904.0]|,|[464.0, 880.0, 80.0]|,|Myo2|,|[0.91650371662024, -0.023744252132219337, 0.05261579778399247, 0.3958392675512658]|,1517245279.332631
|[-274432.0, -102400.0, 4194304.0]|,|[272.0, -480.0, 16.0]|,|Myo1|,|[0.9989279487627573, -0.01178009862588367, 0.03674414182788585, -0.02557441100645211]|,1517245279.362924
|[-296960.0, -112640.0, 4200448.0]|,|[400.0, 144.0, 48.0]|,|Myo1|,|[0.9989301072366517, -0.011535976430876645, 0.036805258136606435, -0.025513429355060516]|,1517245279.363381
|[-290816.0, -98304.0, 4175872.0]|,|[368.0, 624.0, 16.0]|,|Myo1|,|[0.9989200462626385, -0.011230678755488542, 0.03717110522876371, -0.02551317239018593]|,1517245279.364305
|[-495616.0, -4096.0, 4055040.0]|,|[464.0, 1232.0, 48.0]|,|Myo2|,|[0.9164450846213554, -0.02380535386987669, 0.05359256589167111, 0.3958403072978213]|,1517245279.381194
|[-526336.0, 2048.0, 4040704.0]|,|[384.0, 992.0, 0.0]|,|Myo2|,|[0.9164014487812733, -0.02386525685849726, 0.054444524597901674, 0.39582145966075377]|,1517245279.381998
|[-319488.0, -104448.0, 4163584.0]|,|[272.0, 832.0, 0.0]|,|Myo1|,|[0.9988991006393437, -0.011048013273187975, 0.03778298461935556, -0.025514196398853998]|,1517245279.412893
|[-335872.0, -102400.0, 4165632.0]|,|[224.0, 576.0, -16.0]|,|Myo1|,|[0.9988833306182734, -0.010864725502600224, 0.0382096526102682, -0.025574831379716258]|,1517245279.413495
|[-550912.0, 8192.0, 4057088.0]|,|[224.0, 304.0, -48.0]|,|Myo2|,|[0.9164035193838752, -0.023804274181411438, 0.05487190381817662, 0.39576131741608145]|,1517245279.431363
|[-538624.0, -2048.0, 4087808.0]|,|[144.0, -528.0, -16.0]|,|Myo2|,|[0.9164166909982879, -0.02362150389079109, 0.054689580067568, 0.3957670057568202]|,1517245279.431866
|[-503808.0, 22528.0, 4104192.0]|,|[64.0, -1184.0, 32.0]|,|Myo2|,|[0.9164328387795198, -0.023255688795457374, 0.054080158196260456, 0.39583501794892667]|,1517245279.432611
|[-346112.0, -98304.0, 4175872.0]|,|[192.0, 128.0, 0.0]|,|Myo1|,|[0.9988833306182734, -0.010864725502600224, 0.0382096526102682, -0.025574831379716258]|,1517245279.463042
|[-358400.0, -102400.0, 4173824.0]|,|[160.0, -416.0, 16.0]|,|Myo1|,|[0.9988908573375189, -0.010742730882456666, 0.03808786403780091, -0.02551398584583458]|,1517245279.463489
|[-323584.0, -100352.0, 4169728.0]|,|[144.0, -720.0, 0.0]|,|Myo1|,|[0.9989101028133922, -0.010681245752923356, 0.03759798505029021, -0.025512918426982646]|,1517245279.464233
|[-401408.0, -28672.0, 3995648.0]|,|[80.0, -1312.0, 32.0]|,|Myo2|,|[0.9164996002322053, -0.022828561470985335, 0.05310387294052739, 0.3958374896773794]|,1517245279.481452
|[-577536.0, -96256.0, 4319232.0]|,|[-3376.0, -160.0, 6800.0]|,|Myo2|,|[0.9145835256663015, -0.024964272690704573, 0.05230900170154968, 0.40022184849132003]|,1517245279.481982
|[-307200.0, -90112.0, 4128768.0]|,|[96.0, -672.0, -16.0]|,|Myo1|,|[0.9989267076466036, -0.010620386602133021, 0.037171353107465575, -0.025513342526963235]|,1517245279.513065
|[-294912.0, -96256.0, 4141056.0]|,|[-32.0, -400.0, -32.0]|,|Myo1|,|[0.9989364357394701, -0.010620490029247696, 0.03686652860727361, -0.0255746282888206]|,1517245279.51398
|[264192.0, 614400.0, 4515840.0]|,|[8656.0, 2576.0, 400.0]|,|Myo2|,|[0.9146006684411637, -0.017823237799307248, 0.0548125600814312, 0.40022935017143024]|,1517245279.531553
|[-389120.0, 567296.0, 5033984.0]|,|[8752.0, 23424.0, -2560.0]|,|Myo2|,|[0.9144010966759498, -0.01727358055932807, 0.0714137429484588, 0.39808583889730625]|,1517245279.531889
|[-1415168.0, 495616.0, 5814272.0]|,|[-2848.0, 23184.0, -6432.0]|,|Myo2|,|[0.9147253627519105, -0.025025850709214155, 0.08636970427692202, 0.39394351335919064]|,1517245279.532742
|[129024.0, 55296.0, 3891200.0]|,|[1968.0, -7184.0, -3632.0]|,|Myo1|,|[0.9990902211490491, -0.009155326114750893, 0.03082293125299467, -0.028015297911137733]|,1517245279.562995
|[-30720.0, 36864.0, 4210688.0]|,|[-2032.0, 12448.0, -1008.0]|,|Myo1|,|[0.9987972499431786, -0.009948909297282945, 0.03845283961526537, -0.028748075331412683]|,1517245279.563432
|[-595968.0, -77824.0, 4622336.0]|,|[-5088.0, 11632.0, 3712.0]|,|Myo1|,|[0.9984701591162014, -0.012879154149255318, 0.04699975684799334, -0.02612454017005344]|,1517245279.564376
|[-1112064.0, -393216.0, 5922816.0]|,|[2704.0, 6464.0, -3648.0]|,|Myo2|,|[0.9154161230238321, -0.02673371528766759, 0.0904551736445739, 0.39130102445031256]|,1517245279.581283
|[323584.0, 454656.0, 4227072.0]|,|[2400.0, 9952.0, -8416.0]|,|Myo2|,|[0.9172944187431822, -0.026185740327443783, 0.09448840565706987, 0.3859497344765199]|,1517245279.582001
|[-802816.0, -282624.0, 4540416.0]|,|[496.0, -432.0, 2928.0]|,|Myo1|,|[0.998481837505757, -0.012878517495795265, 0.04779089667870944, -0.02417010866509443]|,1517245279.612836
|[-481280.0, -40960.0, 3665920.0]|,|[1520.0, -6080.0, -2032.0]|,|Myo1|,|[0.9986324472322438, -0.011841250214721306, 0.04406898275788033, -0.025513621596667556]|,1517245279.613563
|[-237568.0, 235520.0, 3944448.0]|,|[1920.0, 22272.0, -10208.0]|,|Myo2|,|[0.9186216995445282, -0.030396917366988376, 0.10718270461130841, 0.3791069352738249]|,1517245279.631362
|[-663552.0, 86016.0, 4167680.0]|,|[6992.0, 39904.0, -1648.0]|,|Myo2|,|[0.9159475009831091, -0.03637909573410189, 0.13355278769499151, 0.3766701338509107]|,1517245279.631848
|[-731136.0, 22528.0, 4431872.0]|,|[3168.0, 50256.0, 9008.0]|,|Myo2|,|[0.9086990689012179, -0.04632918608826657, 0.165295699508598, 0.3805219315866321]|,1517245279.632677
|[-153600.0, 28672.0, 4153344.0]|,|[-6928.0, -224.0, -1840.0]|,|Myo1|,|[0.99857233992093, -0.016113881279897647, 0.04345864951245123, -0.026551281654376806]|,1517245279.66287
|[-286720.0, -290816.0, 4515840.0]|,|[-6816.0, 1296.0, 1744.0]|,|Myo1|,|[0.9984898423796225, -0.020935388222764872, 0.044129112784428576, -0.025146880314224858]|,1517245279.663425
|[-315392.0, -471040.0, 4124672.0]|,|[1696.0, 5008.0, -544.0]|,|Myo1|,|[0.9983380354413542, -0.02056981645535194, 0.04730447404420699, -0.025697011061433732]|,1517245279.664154
|[-940032.0, 358400.0, 3602432.0]|,|[80.0, 73664.0, 14304.0]|,|Myo2|,|[0.8955994059700648, -0.06335665394922152, 0.21076158582530047, 0.3866098710157698]|,1517245279.681293
|[-2207744.0, 331776.0, 3162112.0]|,|[-2912.0, 94096.0, 13728.0]|,|Myo2|,|[0.8764365798175972, -0.08777183660266764, 0.2675881305049339, 0.39057856913801825]|,1517245279.688778
|[-403456.0, -243712.0, 3975168.0]|,|[-1360.0, 7072.0, -2736.0]|,|Myo1|,|[0.9980237894598342, -0.021607266923661016, 0.05212600551640257, -0.027649977165023844]|,1517245279.712771
|[-444416.0, -235520.0, 3905536.0]|,|[-1776.0, 4128.0, -1232.0]|,|Myo1|,|[0.9978190342791496, -0.02288855749049921, 0.0549935741305061, -0.02844284744152702]|,1517245279.71355
|[-2891776.0, 440320.0, 2807808.0]|,|[-7200.0, 95056.0, 13456.0]|,|Myo2|,|[0.853119107077409, -0.11462815218511656, 0.32294864388256217, 0.3933857512423196]|,1517245279.731267
|[-2844672.0, 212992.0, 1998848.0]|,|[-7584.0, 85392.0, 13904.0]|,|Myo2|,|[0.8284200907046266, -0.1388024820411377, 0.37129969140555874, 0.3957152555288899]|,1517245279.731904
|[-2783232.0, 309248.0, 1470464.0]|,|[-6016.0, 61120.0, 14560.0]|,|Myo2|,|[0.8075181741692398, -0.15497268663761904, 0.4055901940555252, 0.3992423565563868]|,1517245279.732644
|[-489472.0, -301056.0, 3696640.0]|,|[2256.0, 2208.0, -1088.0]|,|Myo1|,|[0.9977279060405331, -0.02172954450938638, 0.05664330703570382, -0.029298262259846806]|,1517245279.762908
|[-587776.0, -223232.0, 4038656.0]|,|[1120.0, 5264.0, -1552.0]|,|Myo1|,|[0.9974812546738807, -0.020997035344989288, 0.06048855240373368, -0.030518946722368153]|,1517245279.76342
|[-604160.0, -114688.0, 4466688.0]|,|[2416.0, 3088.0, -1296.0]|,|Myo1|,|[0.9973570980534953, -0.019104820788907222, 0.06262474801731249, -0.03149548730695249]|,1517245279.764137
|[-3328000.0, 333824.0, 1849344.0]|,|[-4656.0, 38864.0, 12448.0]|,|Myo2|,|[0.7924583289575335, -0.1646809344163464, 0.4271449885269059, 0.4030349184400057]|,1517245279.781255
|[-3999744.0, 112640.0, 2351104.0]|,|[-2224.0, 9248.0, 6832.0]|,|Myo2|,|[0.7873909757124373, -0.16754947506439075, 0.43282088440130956, 0.40571998570236983]|,1517245279.781921
|[-468992.0, -43008.0, 4483072.0]|,|[3280.0, 1440.0, -736.0]|,|Myo1|,|[0.9973430434790348, -0.016541001516696355, 0.0632342345804333, -0.03216644944390767]|,1517245279.812894
|[-544768.0, -126976.0, 4407296.0]|,|[-416.0, 2512.0, -560.0]|,|Myo1|,|[0.9972232637805163, -0.016663113662142303, 0.06488238030350647, -0.03253274572132545]|,1517245279.820211
|[-4548608.0, 387072.0, 2521088.0]|,|[-2400.0, -34048.0, -10624.0]|,|Myo2|,|[0.7996627659447068, -0.16266706902088723, 0.41298513658361086, 0.4043787363089598]|,1517245279.83124
|[-4229120.0, 430080.0, 2664448.0]|,|[-5312.0, -78832.0, -27968.0]|,|Myo2|,|[0.8273377179253982, -0.1516124597068749, 0.3654812434479738, 0.3986846162662266]|,1517245279.831888
|[-3463168.0, 354304.0, 2326528.0]|,|[-1008.0, -119632.0, -36304.0]|,|Myo2|,|[0.8634565362088714, -0.1284258837963711, 0.29384135199416844, 0.3893672589054426]|,1517245279.832623
|[-755712.0, -81920.0, 4251648.0]|,|[-1056.0, 1584.0, 16.0]|,|Myo1|,|[0.9971093826068936, -0.017090513413928147, 0.06653092721850601, -0.03247197548646348]|,1517245279.863023
|[-679936.0, -194560.0, 3958784.0]|,|[-512.0, -704.0, 288.0]|,|Myo1|,|[0.9971098859644393, -0.017517785092543713, 0.06653096080443431, -0.032227841563982854]|,1517245279.863406
|[-448512.0, -215040.0, 3909632.0]|,|[-2176.0, -688.0, 144.0]|,|Myo1|,|[0.9971290326912241, -0.019105128993165594, 0.06592185083903783, -0.03198430540708873]|,1517245279.864313
|[-2275328.0, 16384.0, 2816000.0]|,|[9536.0, -143136.0, -32816.0]|,|Myo2|,|[0.8970697289173712, -0.09106811155642089, 0.20874862032369937, 0.3786773217801845]|,1517245279.881256
|[-1265664.0, -73728.0, 3641344.0]|,|[3872.0, -138352.0, -24992.0]|,|Myo2|,|[0.9192003972156282, -0.056397155845102284, 0.1231704117915762, 0.3697553789065256]|,1517245279.881898
|[-442368.0, -159744.0, 4104192.0]|,|[-1840.0, 1408.0, -912.0]|,|Myo1|,|[0.9970406726709468, -0.02032534704618459, 0.06659145233449666, -0.03259379976775547]|,1517245279.913005
|[-716800.0, -161792.0, 4304896.0]|,|[-1616.0, 1040.0, -1328.0]|,|Myo1|,|[0.9969200302819757, -0.021301970891349387, 0.06769021695847126, -0.03338732973515219]|,1517245279.913819
|[-880640.0, -135168.0, 2326528.0]|,|[-7472.0, -123120.0, -20096.0]|,|Myo2|,|[0.9309425823547791, -0.03180049078198531, 0.0435807109756958, 0.3611583569232381]|,1517245279.931288
|[45056.0, -460800.0, 3225600.0]|,|[4704.0, -113792.0, -15312.0]|,|Myo2|,|[0.9353147518683356, -0.001525898511923022, -0.02771031697652208, 0.35272670001612577]|,1517245279.931857
|[1533952.0, -206848.0, 3350528.0]|,|[20160.0, -76192.0, -5616.0]|,|Myo2|,|[0.9338381055477575, 0.02984814913477047, -0.0720872477058567, 0.3490829548093094]|,1517245279.932604
|[-778240.0, -264192.0, 4186112.0]|,|[-1472.0, 448.0, -1104.0]|,|Myo1|,|[0.9968091990834792, -0.022461930393896292, 0.06860654826831367, -0.034059122716831876]|,1517245279.962914
|[-665600.0, -294912.0, 4042752.0]|,|[-1600.0, -848.0, 0.0]|,|Myo1|,|[0.9967928107885433, -0.02380437182092535, 0.06842230977245466, -0.03399752590834723]|,1517245279.963477
|[-479232.0, -288768.0, 4157440.0]|,|[-2672.0, -800.0, 1136.0]|,|Myo1|,|[0.9968207415628618, -0.025758272790369706, 0.06775280283722837, -0.033082900124124126]|,1517245279.964222
|[2115584.0, 159744.0, 3276800.0]|,|[4496.0, -17920.0, 2000.0]|,|Myo2|,|[0.9319404107364729, 0.03869859971226905, -0.08630886434250541, 0.3500575226338533]|,1517245279.981217
|[1159168.0, 612352.0, 6660096.0]|,|[-12976.0, 14096.0, 5696.0]|,|Myo2|,|[0.9317273750808616, 0.028504204661825246, -0.07995826147107296, 0.3530981241298909]|,1517245279.988622
|[-368640.0, -323584.0, 4409344.0]|,|[-2768.0, 2688.0, 1328.0]|,|Myo1|,|[0.9967168448644848, -0.027710315221584573, 0.06897060837090432, -0.03210490265760679]|,1517245280.012866
|[-446464.0, -403456.0, 4614144.0]|,|[-3552.0, 8128.0, 32.0]|,|Myo1|,|[0.9962896693952522, -0.030212790930015918, 0.07391452488131167, -0.03210490510947146]|,1517245280.013501
|[759808.0, 317440.0, 4876288.0]|,|[12864.0, 8400.0, 4032.0]|,|Myo2|,|[0.9309281494118739, 0.035095966818242036, -0.07129058998905512, 0.3564529499452756]|,1517245280.031273
|[1392640.0, -69632.0, 3403776.0]|,|[-4448.0, 7200.0, 1072.0]|,|Myo2|,|[0.9309178613859905, 0.031067216853230342, -0.07025219370936762, 0.3570593685489145]|,1517245280.031869
|[458752.0, 24576.0, 4524032.0]|,|[2752.0, 3952.0, 4416.0]|,|Myo2|,|[0.9300010079981528, 0.03137235138879376, -0.06658995207232293, 0.3601106482371268]|,1517245280.032611
|[-307200.0, -460800.0, 4593664.0]|,|[-4992.0, 13808.0, 1248.0]|,|Myo1|,|[0.9955578259508668, -0.03363082349941313, 0.0821544254631762, -0.03137249233883548]|,1517245280.062926
|[-507904.0, -210944.0, 5165056.0]|,|[-4368.0, 31168.0, -1296.0]|,|Myo1|,|[0.9934983254136108, -0.035889722635817606, 0.10296932327657193, -0.032715801586391556]|,1517245280.063563
|[-1402880.0, -241664.0, 5171200.0]|,|[-3344.0, 52528.0, -3008.0]|,|Myo1|,|[0.9890346439364568, -0.03698808900428862, 0.13843066973882276, -0.035767359994246094]|,1517245280.064256
|[882688.0, 438272.0, 3803136.0]|,|[768.0, 1760.0, 2000.0]|,|Myo2|,|[0.9295342355588619, 0.03271589403503513, -0.06579801076449229, 0.3613397251630746]|,1517245280.081214
|[247808.0, -47104.0, 4278272.0]|,|[-1488.0, 5584.0, 2080.0]|,|Myo2|,|[0.9293590149508814, 0.02972532774734528, -0.0618311232198373, 0.36274665873197737]|,1517245280.081995
|[-919552.0, -323584.0, 4061184.0]|,|[-1888.0, 55472.0, -4560.0]|,|Myo1|,|[0.9830043932789809, -0.03729374009894178, 0.17523785241253986, -0.040040414901646164]|,1517245280.112899
|[-1705984.0, -710656.0, 2701312.0]|,|[16256.0, 64944.0, 64.0]|,|Myo1|,|[0.974568682034741, -0.02496389997821814, 0.2183883474867103, -0.04358001120891871]|,1517245280.11346
|[208896.0, 299008.0, 3981312.0]|,|[3488.0, 6928.0, 2480.0]|,|Myo2|,|[0.9290094233943582, 0.030458324722324886, -0.05560628020448491, 0.3645843157644219]|,1517245280.131249
|[493568.0, 124928.0, 3934208.0]|,|[-1280.0, 2864.0, -128.0]|,|Myo2|,|[0.9291731257531161, 0.029114864414651276, -0.05401814466869262, 0.36451566097336985]|,1517245280.131846
|[356352.0, 36864.0, 4245504.0]|,|[1856.0, 4912.0, 1312.0]|,|Myo2|,|[0.9290112215110217, 0.028810334858948898, -0.05017393062299999, 0.3655006041003941]|,1517245280.132611
|[-3393536.0, -759808.0, 2488320.0]|,|[28528.0, 72880.0, 6848.0]|,|Myo1|,|[0.9626993555710618, -0.0031740024403813854, 0.2668603590259119, -0.04455811118227714]|,1517245280.162877
|[-1914880.0, 104448.0, 3594240.0]|,|[30880.0, 70608.0, 3952.0]|,|Myo1|,|[0.9488522580499078, 0.019958490182832873, 0.3114623101009057, -0.04766844291373846]|,1517245280.163472
|[-1841152.0, 444416.0, 3618816.0]|,|[9440.0, 66656.0, -6112.0]|,|Myo1|,|[0.9336432080389572, 0.027101045003222867, 0.35329019927624766, -0.052554053485979475]|,1517245280.164231
|[532480.0, 217088.0, 4206592.0]|,|[-736.0, 2288.0, 864.0]|,|Myo2|,|[0.9288829732760284, 0.02819975907829709, -0.048891790090294304, 0.3660475220617915]|,1517245280.181178
|[636928.0, -2048.0, 4308992.0]|,|[-1152.0, 6016.0, 1616.0]|,|Myo2|,|[0.9286403626019604, 0.025941379920194105, -0.04596202136448509, 0.36720786258797117]|,1517245280.181979
|[-3287040.0, -32768.0, 2650112.0]|,|[-10656.0, 57056.0, -9072.0]|,|Myo1|,|[0.9189273653568851, 0.02020358405401056, 0.390093974891787, -0.05469006438789565]|,1517245280.212856
|[-3694592.0, -75776.0, 2611200.0]|,|[-13920.0, 39344.0, -10064.0]|,|Myo1|,|[0.9077724666371674, 0.010315596211785993, 0.4154926829208713, -0.0566442206185645]|,1517245280.213462
|[151552.0, 155648.0, 4278272.0]|,|[-1056.0, 6608.0, 1376.0]|,|Myo2|,|[0.928563083342159, 0.023621502218721852, -0.0412613320409715, 0.3681170022767739]|,1517245280.231347
|[-8192.0, 120832.0, 4149248.0]|,|[-2464.0, 2192.0, -640.0]|,|Myo2|,|[0.9288702588112787, 0.021302123822127497, -0.03936925462828721, 0.36769052694698007]|,1517245280.231814
|[274432.0, 106496.0, 4470784.0]|,|[-1760.0, 5984.0, -336.0]|,|Myo2|,|[0.9291405654149131, 0.018800111296005336, -0.03570800359793221, 0.36751776010794845]|,1517245280.232717
|[-3506176.0, -24576.0, 3010560.0]|,|[-7232.0, 14928.0, -5312.0]|,|Myo1|,|[0.9034243431710616, 0.0053103113205784985, 0.4248249056462799, -0.057619929731334514]|,1517245280.262887
|[-3411968.0, -245760.0, 2686976.0]|,|[-2256.0, -5760.0, 2288.0]|,|Myo1|,|[0.9050130422436518, 0.004211634175140755, 0.4217127611021373, -0.05560577874714822]|,1517245280.26344
|[-2922496.0, -192512.0, 2074624.0]|,|[1408.0, -16176.0, 4096.0]|,|Myo1|,|[0.9092826284267395, 0.005493417235578073, 0.4126777103304817, -0.05359133703152831]|,1517245280.264215
|[296960.0, 90112.0, 4829184.0]|,|[-2752.0, 10352.0, -464.0]|,|Myo2|,|[0.929528559742025, 0.014648818329377242, -0.029724893860027985, 0.36725808286609524]|,1517245280.281302
|[-438272.0, 26624.0, 4337664.0]|,|[-3696.0, 8880.0, -512.0]|,|Myo2|,|[0.9298803690134713, 0.009460548552483626, -0.023193602902863084, 0.3670082480392519]|,1517245280.281928
|[-2891776.0, -161792.0, 2457600.0]|,|[2320.0, -31904.0, 4480.0]|,|Myo1|,|[0.9181324566894056, 0.007019361289674355, 0.39284008052473174, -0.051577045998042]|,1517245280.312854
|[-3065856.0, 194560.0, 2912256.0]|,|[-4784.0, -49040.0, 7168.0]|,|Myo1|,|[0.930935139498999, 0.004394658408335164, 0.36225413407596113, -0.04596080252050526]|,1517245280.313435
|[-303104.0, 38912.0, 3594240.0]|,|[-3072.0, 9536.0, -528.0]|,|Myo2|,|[0.9301766042301104, 0.004821781609854247, -0.016723647608861567, 0.36669954318992803]|,1517245280.331362
|[110592.0, -110592.0, 3493888.0]|,|[624.0, 16576.0, -768.0]|,|Myo2|,|[0.9305063072045101, 0.0008545154674229677, -0.0062867923674689765, 0.36622091460984324]|,1517245280.331798
|[-409600.0, -51200.0, 3995648.0]|,|[-1536.0, 26144.0, 496.0]|,|Myo2|,|[0.9303282500892746, -0.0067140865706482224, 0.010071129855972333, 0.36652808960675065]|,1517245280.332703
|[-2691072.0, -102400.0, 2867200.0]|,|[-13840.0, -68304.0, 6512.0]|,|Myo1|,|[0.946882165670735, -0.004883038306817431, 0.3192286293081895, -0.038514964645022486]|,1517245280.362875
|[-2007040.0, -350208.0, 2361344.0]|,|[-15808.0, -84256.0, 5456.0]|,|Myo1|,|[0.9635637150447944, -0.01617536959881354, 0.2651539831594189, -0.03125203484751899]|,1517245280.363412
|[-796672.0, -501760.0, 2402304.0]|,|[-20512.0, -91360.0, 1936.0]|,|Myo1|,|[0.9779280410425231, -0.031372800717504486, 0.20502186305466452, -0.025269142990363532]|,1517245280.364195
|[-575488.0, -137216.0, 3966976.0]|,|[-2640.0, 30960.0, 576.0]|,|Myo2|,|[0.9297513240978906, -0.016297505484121375, 0.029237846917206513, 0.36666335371953973]|,1517245280.381265
|[-575488.0, -6144.0, 3385344.0]|,|[-1920.0, 32288.0, 464.0]|,|Myo2|,|[0.9287433446433805, -0.025574622857884886, 0.049379164420116646, 0.36652890277231204]|,1517245280.388707
|[-854016.0, -329728.0, 3135488.0]|,|[-14800.0, -67648.0, -1712.0]|,|Myo1|,|[0.9859516771993596, -0.04266577244860722, 0.15985931050486737, -0.022889362901613315]|,1517245280.412758
|[-1054720.0, -428032.0, 3244032.0]|,|[-12880.0, -45856.0, -9312.0]|,|Myo1|,|[0.9898702862522021, -0.05303966449335082, 0.12902859693779475, -0.026367244028915483]|,1517245280.413564
|[-415744.0, -88064.0, 3270656.0]|,|[16.0, 30192.0, 1552.0]|,|Myo2|,|[0.9271323247720256, -0.03308135089048307, 0.06842102278271499, 0.3669466449328122]|,1517245280.431337
|[-374784.0, -90112.0, 3500032.0]|,|[-848.0, 21808.0, 3168.0]|,|Myo2|,|[0.9252572545140858, -0.03875838489454743, 0.08136208986524682, 0.36847932221792573]|,1517245280.431913
|[-561152.0, -94208.0, 3631104.0]|,|[-96.0, 18416.0, 4096.0]|,|Myo2|,|[0.9231872026889417, -0.04315327949098061, 0.09247131319495847, 0.37055666165451673]|,1517245280.432683
|[-1288192.0, -569344.0, 3676160.0]|,|[-11744.0, -26304.0, -9808.0]|,|Myo1|,|[0.9913295197893521, -0.0623166752681276, 0.11144980317296865, -0.03100575028032206]|,1517245280.4628
|[-1157120.0, -954368.0, 3762176.0]|,|[-11104.0, -10352.0, -5408.0]|,|Myo1|,|[0.9912928042615391, -0.07141263351924147, 0.10547096642841818, -0.033386932081218026]|,1517245280.463392
|[-651264.0, -694272.0, 4292608.0]|,|[-10592.0, 1200.0, -1232.0]|,|Myo1|,|[0.9907148184307876, -0.07861750268861158, 0.10571856728002736, -0.03357113857044749]|,1517245280.464178
|[-641024.0, -102400.0, 4020224.0]|,|[4832.0, 13408.0, 2912.0]|,|Myo2|,|[0.9217944917464707, -0.04327587701286238, 0.10144500366061675, 0.37165982388056285]|,1517245280.481345
|[-755712.0, 6144.0, 4564992.0]|,|[5504.0, 7792.0, 1680.0]|,|Myo2|,|[0.9210653105462401, -0.04132281081774715, 0.10693879549880798, 0.3721494498608632]|,1517245280.4819
|[-897024.0, -886784.0, 6469632.0]|,|[10208.0, -8272.0, 1616.0]|,|Myo1|,|[0.9919812824819536, -0.07153593791956987, 0.09888073330179453, -0.03283816945454658]|,1517245280.512876
|[-595968.0, -530432.0, 6158336.0]|,|[7712.0, -9744.0, -32.0]|,|Myo1|,|[0.9931753490068651, -0.06561353860511185, 0.09063823704985217, -0.032898323077353755]|,1517245280.520557
|[-475136.0, -10240.0, 4933632.0]|,|[-1984.0, -80.0, -272.0]|,|Myo2|,|[0.921278071197811, -0.04193176327765312, 0.1046768180803131, 0.3721978056290083]|,1517245280.531244
|[-684032.0, -28672.0, 4208640.0]|,|[-4096.0, -6880.0, 304.0]|,|Myo2|,|[0.9216327751175378, -0.042483370520021616, 0.09870058926849849, 0.3728892392339253]|,1517245280.5319
|[-954368.0, 106496.0, 3698688.0]|,|[-4352.0, -4576.0, 496.0]|,|Myo2|,|[0.9216065658974066, -0.04382498935786065, 0.09534071500971913, 0.37367212374487874]|,1517245280.53265
|[-1062912.0, -892928.0, 5101568.0]|,|[13776.0, -7392.0, 3408.0]|,|Myo1|,|[0.9941753930773513, -0.05700882963741688, 0.08600154278278413, -0.031129018324499578]|,1517245280.562951
|[-442368.0, -909312.0, 3483648.0]|,|[-544.0, -10448.0, 3264.0]|,|Myo1|,|[0.9947441129587363, -0.058780056499924106, 0.07880067802845485, -0.028627047246588166]|,1517245280.563504
|[-794624.0, -667648.0, 3446784.0]|,|[4976.0, -4192.0, 1792.0]|,|Myo1|,|[0.9950942185537085, -0.05609345438574852, 0.07672412640139922, -0.027466871026753898]|,1517245280.564122
|[-1128448.0, 116736.0, 3665920.0]|,|[480.0, -1696.0, -64.0]|,|Myo2|,|[0.9216367836646043, -0.043030061753877226, 0.09545959799016167, 0.37365962844998063]|,1517245280.581233
|[-1007616.0, 112640.0, 3995648.0]|,|[2288.0, 2144.0, -848.0]|,|Myo2|,|[0.921721072676732, -0.04199351685329392, 0.09790348987308642, 0.37293661042678183]|,1517245280.58193
|[-731136.0, -608256.0, 3338240.0]|,|[1120.0, -5760.0, 1168.0]|,|Myo1|,|[0.9953658760303108, -0.055969494010289125, 0.0735476993264977, -0.026550414279690043]|,1517245280.612914
|[-653312.0, -284672.0, 4272128.0]|,|[320.0, -4144.0, 256.0]|,|Myo1|,|[0.9956146187802819, -0.055176288338485466, 0.07086246765595312, -0.02618432267390516]|,1517245280.613494
|[-817152.0, -36864.0, 4749312.0]|,|[1088.0, 3168.0, 16.0]|,|Myo2|,|[0.92159705174485, -0.04193239118807285, 0.09955128097197499, 0.3728137487288922]|,1517245280.631278
|[-837632.0, -4096.0, 4401152.0]|,|[-3136.0, -6288.0, 400.0]|,|Myo2|,|[0.9218381516310454, -0.0421153628170179, 0.09460697444402572, 0.37348392040193124]|,1517245280.631863
|[-1089536.0, 57344.0, 3827712.0]|,|[-3840.0, -8080.0, -176.0]|,|Myo2|,|[0.9222063442520357, -0.04254271109561645, 0.08948007814372126, 0.3737899035144263]|,1517245280.632647
|[-479232.0, -272384.0, 4292608.0]|,|[4848.0, -6976.0, 256.0]|,|Myo1|,|[0.996163877146828, -0.051453106331399795, 0.06585753467565882, -0.025940178162330855]|,1517245280.662909
|[-512000.0, -315392.0, 4419584.0]|,|[2336.0, -6448.0, -480.0]|,|Myo1|,|[0.9965402061007844, -0.04962253859006172, 0.061341514493249726, -0.0261235504508566]|,1517245280.663364
|[-331776.0, -374784.0, 4237312.0]|,|[3248.0, -3392.0, 496.0]|,|Myo1|,|[0.9968298797923556, -0.0473024220450083, 0.05853293256924253, -0.02581796712908195]|,1517245280.664269
|[-1013760.0, 32768.0, 3526656.0]|,|[112.0, -5920.0, -896.0]|,|Myo2|,|[0.9226804479645865, -0.04119926588450724, 0.08673208418057005, 0.37341793878728186]|,1517245280.681216
|[-784384.0, -28672.0, 3862528.0]|,|[1824.0, -1872.0, -752.0]|,|Myo2|,|[0.9230227517684059, -0.039613924474123485, 0.08612518864867218, 0.37288361265396053]|,1517245280.682013
|[-258048.0, -313344.0, 4218880.0]|,|[1168.0, -2112.0, -1232.0]|,|Myo1|,|[0.9969778564609771, -0.04632705969473991, 0.05639815962837902, -0.026612118612525167]|,1517245280.712893
|[-399360.0, -337920.0, 4079616.0]|,|[1712.0, -1040.0, -2464.0]|,|Myo1|,|[0.9970387522800624, -0.04516735088382285, 0.05542156027366371, -0.02832114974337]|,1517245280.713475
|[-718848.0, -83968.0, 4265984.0]|,|[2016.0, 176.0, 1008.0]|,|Myo2|,|[0.9228422272583695, -0.03839326416730699, 0.08649166188406043, 0.37337296806266596]|,1517245280.731261
|[-813056.0, -94208.0, 4435968.0]|,|[-1152.0, -3504.0, 1232.0]|,|Myo2|,|[0.9226930752991307, -0.03827006404792981, 0.08392557905247766, 0.37433860096643307]|,1517245280.731848
|[-940032.0, 16384.0, 3926016.0]|,|[-2208.0, -4960.0, 608.0]|,|Myo2|,|[0.9227030750997062, -0.038453591143270155, 0.0809356537396448, 0.3749530323700136]|,1517245280.732593
|[-606208.0, -352256.0, 4120576.0]|,|[752.0, 560.0, -2320.0]|,|Myo1|,|[0.9969761701945795, -0.044617949088541546, 0.05615391677354066, -0.029908064368516223]|,1517245280.762897
|[-874496.0, -505856.0, 4194304.0]|,|[-128.0, -48.0, -656.0]|,|Myo1|,|[0.9968806399008022, -0.04498536808761274, 0.05731514333007919, -0.030336130175771414]|,1517245280.763413
|[-589824.0, -481280.0, 4220928.0]|,|[96.0, -2560.0, 1584.0]|,|Myo1|,|[0.9969833907434174, -0.04516760800478321, 0.05597121154106243, -0.029175833278765367]|,1517245280.764258
|[-737280.0, 10240.0, 3854336.0]|,|[-320.0, -5120.0, -368.0]|,|Myo2|,|[0.9230470763063533, -0.0372929817908604, 0.07782087034917677, 0.3748829691644265]|,1517245280.781192
|[-565248.0, -40960.0, 4075520.0]|,|[992.0, -1936.0, -608.0]|,|Myo2|,|[0.9233558147330759, -0.03607240127625912, 0.0764783736026272, 0.3745181966685718]|,1517245280.788599
|[-337920.0, -407552.0, 4198400.0]|,|[352.0, -2656.0, 464.0]|,|Myo1|,|[0.9971165931371816, -0.04498499811104939, 0.053896544548245065, -0.028809930947646285]|,1517245280.812808
|[-346112.0, -444416.0, 4149248.0]|,|[368.0, -1456.0, -304.0]|,|Myo1|,|[0.9971824682492384, -0.04492417803950784, 0.05261500199735836, -0.02899318555538889]|,1517245280.820199
|[-456704.0, -83968.0, 4364288.0]|,|[1088.0, 272.0, 752.0]|,|Myo2|,|[0.9232396100372271, -0.03521811814038609, 0.07617367667106038, 0.37494783316532365]|,1517245280.831305
|[-493568.0, -71680.0, 4364288.0]|,|[320.0, 976.0, 1280.0]|,|Myo2|,|[0.9229466540935501, -0.03503547248526538, 0.07617468582162229, 0.3756852493846836]|,1517245280.831843
|[-638976.0, 22528.0, 4249600.0]|,|[304.0, 5392.0, 1280.0]|,|Myo2|,|[0.9223350962315582, -0.03595098747140413, 0.07947060388415648, 0.3764172151717305]|,1517245280.832588
|[-425984.0, -385024.0, 4153344.0]|,|[416.0, -512.0, -448.0]|,|Myo1|,|[0.9972039955773988, -0.04467825466780854, 0.052246702179841675, -0.029297216175612158]|,1517245280.862904
|[-571392.0, -438272.0, 4026368.0]|,|[528.0, -1120.0, -304.0]|,|Myo1|,|[0.997224417344741, -0.04449605828401984, 0.05194258655651699, -0.029419890388062503]|,1517245280.863465
|[-643072.0, -456704.0, 3969024.0]|,|[288.0, -2224.0, 336.0]|,|Myo1|,|[0.9972717374269079, -0.04455648254615599, 0.05114840051188866, -0.029114304348652614]|,1517245280.864211
|[-454656.0, 69632.0, 4511744.0]|,|[2304.0, 14832.0, 720.0]|,|Myo2|,|[0.9214635943260199, -0.03753726637812163, 0.08838042555369124, 0.37641027927459525]|,1517245280.881303
|[-505856.0, -26624.0, 4626432.0]|,|[1872.0, 25216.0, 1024.0]|,|Myo2|,|[0.9197646819740171, -0.04223751807857322, 0.10321335703882559, 0.3762923395294854]|,1517245280.88198
|[-542720.0, -415744.0, 4091904.0]|,|[16.0, -2896.0, 592.0]|,|Myo1|,|[0.9973573711621492, -0.04467965701901427, 0.049623717426856014, -0.028626720139231822]|,1517245280.912886
|[-425984.0, -350208.0, 4255744.0]|,|[304.0, -2448.0, 688.0]|,|Myo1|,|[0.9974643815118657, -0.044373797904731754, 0.04803600956124332, -0.02807695603325531]|,1517245280.913456
|[-172032.0, -141312.0, 4485120.0]|,|[976.0, 45728.0, 4432.0]|,|Myo2|,|[0.9150927470838506, -0.05285954635636437, 0.13147743978245824, 0.377524589161794]|,1517245280.931364
|[-237568.0, -253952.0, 4706304.0]|,|[-736.0, 83616.0, 13120.0]|,|Myo2|,|[0.9029096541548561, -0.07324353308901692, 0.1824984699468005, 0.38220917016951994]|,1517245280.931833
|[-1554432.0, -165888.0, 4474880.0]|,|[-3264.0, 98544.0, 21152.0]|,|Myo2|,|[0.8830392740469045, -0.0979662704669442, 0.2421994773911742, 0.3898508221011667]|,1517245280.932781
|[-274432.0, -407552.0, 4255744.0]|,|[976.0, -4656.0, 592.0]|,|Myo1|,|[0.9976609618119623, -0.04382505785139119, 0.04461854775677849, -0.027589033633466317]|,1517245280.9629
|[-229376.0, -366592.0, 4190208.0]|,|[896.0, -1616.0, -240.0]|,|Myo1|,|[0.9977487948135363, -0.04321319794017151, 0.04315216234986054, -0.027710158001183427]|,1517245280.963462
|[-370688.0, -374784.0, 4206592.0]|,|[288.0, -1648.0, -720.0]|,|Myo1|,|[0.9977897563410013, -0.043031857724377925, 0.04205524818737077, -0.028199600381081703]|,1517245280.964223
|[-3753984.0, 653312.0, 2476032.0]|,|[1536.0, 102896.0, 21328.0]|,|Myo2|,|[0.8579503738976643, -0.12067216058591934, 0.30616669575061783, 0.39448870706464173]|,1517245280.981413
|[-3090432.0, 714752.0, 2555904.0]|,|[-8320.0, 86528.0, 448.0]|,|Myo2|,|[0.837433839113662, -0.14813789559248233, 0.3543834453275453, 0.3888085681599145]|,1517245280.982039
|[-546816.0, -425984.0, 4112384.0]|,|[880.0, -2096.0, -464.0]|,|Myo1|,|[0.9978317643721416, -0.04266481546954533, 0.04126096603349448, -0.028443210313030216]|,1517245281.013
|[-524288.0, -450560.0, 4100096.0]|,|[256.0, -2192.0, 480.0]|,|Myo1|,|[0.9978787377062153, -0.04272525025349261, 0.04034484345365516, -0.02801555695193301]|,1517245281.013486
|[-2932736.0, -471040.0, 2512896.0]|,|[-25008.0, 57312.0, -8976.0]|,|Myo2|,|[0.8227344953583946, -0.1798797060480146, 0.37910853554944646, 0.38344225089705725]|,1517245281.031439
|[-2885632.0, -192512.0, 2045952.0]|,|[-20672.0, 23872.0, 1392.0]|,|Myo2|,|[0.8133082214256256, -0.1978185325058501, 0.3874582055992399, 0.38635955284234225]|,1517245281.031848
|[-4128768.0, 92160.0, 1683456.0]|,|[1744.0, 4992.0, 5408.0]|,|Myo2|,|[0.8093125131145501, -0.1977654832559878, 0.39443226938277565, 0.3877180091487761]|,1517245281.03275
|[-315392.0, -387072.0, 4300800.0]|,|[-176.0, -1680.0, 976.0]|,|Myo1|,|[0.9979373963001569, -0.042908256244587786, 0.0391850647354557, -0.027283059091508875]|,1517245281.062935
|[-120832.0, -335872.0, 4218880.0]|,|[224.0, -976.0, 400.0]|,|Myo1|,|[0.998001679852234, -0.04266425137402676, 0.03796446974913397, -0.027039003374383197]|,1517245281.063408
|[-243712.0, -342016.0, 4227072.0]|,|[-480.0, 832.0, -16.0]|,|Myo1|,|[0.9979796785340895, -0.04284903573889485, 0.03833218581770081, -0.027040061014715698]|,1517245281.06424
|[-3823616.0, 221184.0, 1515520.0]|,|[6176.0, -16032.0, 4288.0]|,|Myo2|,|[0.8117530022496758, -0.18970812324174693, 0.39089151262553, 0.3902200874789215]|,1517245281.081273
|[-3696640.0, 399360.0, 1841152.0]|,|[5040.0, -32720.0, -944.0]|,|Myo2|,|[0.8208464842389028, -0.1784767340804991, 0.3746546490376551, 0.3924168684690591]|,1517245281.088734
|[-360448.0, -327680.0, 4331520.0]|,|[-1168.0, 2880.0, -48.0]|,|Myo1|,|[0.9978734124308033, -0.04339641545282899, 0.04034462814953581, -0.027160906999309283]|,1517245281.112779
|[-485376.0, -397312.0, 4243456.0]|,|[-1120.0, 3312.0, 464.0]|,|Myo1|,|[0.9977371359218161, -0.044130915775815065, 0.043032220777247054, -0.026856988853884687]|,1517245281.113565
|[-3512320.0, 256000.0, 2619392.0]|,|[8608.0, -49120.0, -7392.0]|,|Myo2|,|[0.8357488343458064, -0.1623642929710667, 0.3487780338483741, 0.39181067540649517]|,1517245281.131357
|[-3121152.0, 178176.0, 2695168.0]|,|[6496.0, -66928.0, -11712.0]|,|Myo2|,|[0.8544050503042582, -0.14343848179847168, 0.311230986676769, 0.39057993405464697]|,1517245281.131894
|[-2754560.0, -14336.0, 3088384.0]|,|[4016.0, -71504.0, -11792.0]|,|Myo2|,|[0.8719480181936254, -0.12458144243144484, 0.2694890094732136, 0.38930937767160956]|,1517245281.132731
|[-368640.0, -366592.0, 4007936.0]|,|[-240.0, 1296.0, 1616.0]|,|Myo1|,|[0.9977193083187366, -0.044191164763414004, 0.044008052202239634, -0.025818871125585806]|,1517245281.162931
|[-143360.0, -321536.0, 4020224.0]|,|[-1872.0, 4720.0, 560.0]|,|Myo1|,|[0.9975616020237448, -0.045227187169578735, 0.04663099999670466, -0.025512772249505954]|,1517245281.163392
|[-225280.0, -317440.0, 4347904.0]|,|[-4000.0, 10016.0, -512.0]|,|Myo1|,|[0.9971319382787688, -0.04748537968910339, 0.052856476620518685, -0.02606202715584466]|,1517245281.170915
|[-2213888.0, -174080.0, 2936832.0]|,|[2352.0, -87376.0, -10784.0]|,|Myo2|,|[0.889391611516002, -0.10199529084093333, 0.21717489216758873, 0.38912027475221417]|,1517245281.181239
|[-1224704.0, -178176.0, 2881536.0]|,|[4112.0, -91280.0, -7712.0]|,|Myo2|,|[0.9034480143592475, -0.07642165488668184, 0.16212133816216212, 0.38943303368772375]|,1517245281.1819
|[-512000.0, -446464.0, 4349952.0]|,|[-3520.0, 11904.0, -896.0]|,|Myo1|,|[0.9965422424377893, -0.04968367644664424, 0.06091438463605768, -0.02691707778006156]|,1517245281.212758
|[-452608.0, -552960.0, 4032512.0]|,|[-2400.0, 11168.0, -464.0]|,|Myo1|,|[0.9959565707842906, -0.05145500944849892, 0.06830148941028505, -0.027528124865092544]|,1517245281.213601
|[-108544.0, -192512.0, 3618816.0]|,|[13536.0, -70640.0, -2944.0]|,|Myo2|,|[0.9117160613418184, -0.04950135407030962, 0.12134240677160976, 0.3893577529155426]|,1517245281.231362
|[-350208.0, 14336.0, 3825664.0]|,|[16080.0, -33664.0, -256.0]|,|Myo2|,|[0.9148562510781836, -0.030458584820390554, 0.10431607506622737, 0.3888810498811788]|,1517245281.231877
|[-628736.0, 253952.0, 3899392.0]|,|[10128.0, -13504.0, -1616.0]|,|Myo2|,|[0.9164088606816033, -0.020264269464918896, 0.09826949951361272, 0.3874625980822444]|,1517245281.232713
|[-462848.0, -487424.0, 4110336.0]|,|[-3520.0, 14896.0, 1008.0]|,|Myo1|,|[0.9951393492865278, -0.05359006063993936, 0.07800466685403475, -0.02722228592871635]|,1517245281.263091
|[-681984.0, -444416.0, 4657152.0]|,|[-4640.0, 22240.0, 848.0]|,|Myo1|,|[0.9937510772018271, -0.05597136157447795, 0.09265488208294169, -0.02722271239064031]|,1517245281.263424
|[-983040.0, -503808.0, 4900864.0]|,|[-4784.0, 30096.0, 576.0]|,|Myo1|,|[0.9914793191787591, -0.058534145967275915, 0.11303987312971324, -0.027649601796846706]|,1517245281.264321
|[200704.0, -321536.0, 6139904.0]|,|[-544.0, 9296.0, 16.0]|,|Myo2|,|[0.9162225634129975, -0.02288877898073906, 0.09942885589233048, 0.3874612505859508]|,1517245281.281265
|[-358400.0, 186368.0, 5029888.0]|,|[-2448.0, -1792.0, 2560.0]|,|Myo2|,|[0.9157700741091158, -0.022950713048392156, 0.09607559132491823, 0.3893686131268446]|,1517245281.281918
|[-966656.0, -808960.0, 4663296.0]|,|[-4320.0, 40864.0, 528.0]|,|Myo1|,|[0.9878095522564438, -0.06073100003059575, 0.14044425233206112, -0.02862596885864262]|,1517245281.312968
|[-1064960.0, -702464.0, 4163584.0]|,|[-1616.0, 50224.0, 3152.0]|,|Myo1|,|[0.982453224574624, -0.060609844185052296, 0.17407782035827707, -0.028443290423196745]|,1517245281.313532
|[159744.0, 63488.0, 4616192.0]|,|[-5200.0, -9616.0, 4032.0]|,|Myo2|,|[0.9154513616901936, -0.02246206834924598, 0.08606390318596965, 0.3924758138197056]|,1517245281.331443
|[-1105920.0, 299008.0, 4976640.0]|,|[-4352.0, -9072.0, 1712.0]|,|Myo2|,|[0.9153502178229063, -0.022462582032463957, 0.0802060673659175, 0.3939497403193543]|,1517245281.331911
|[-1107968.0, 299008.0, 4452352.0]|,|[-1888.0, -4992.0, -1616.0]|,|Myo2|,|[0.9159120105876765, -0.022217244559103972, 0.07782139234301529, 0.39313536320106784]|,1517245281.332684
|[-1933312.0, -679936.0, 3862528.0]|,|[12192.0, 62464.0, 5488.0]|,|Myo1|,|[0.9747041541431046, -0.05066093355493624, 0.21576674712855376, -0.028809591130036033]|,1517245281.363081
|[-3069952.0, -546816.0, 2617344.0]|,|[11728.0, 73216.0, 7488.0]|,|Myo1|,|[0.9629872443041171, -0.04040676654175861, 0.2650244415775164, -0.028016171967775227]|,1517245281.363403
|[-2617344.0, -503808.0, 3139584.0]|,|[15488.0, 68944.0, 5296.0]|,|Myo1|,|[0.9498686101421471, -0.028077339716321016, 0.3100104530852053, -0.029237055921995145]|,1517245281.364303
|[-573440.0, 184320.0, 3940352.0]|,|[-1744.0, -5248.0, -2064.0]|,|Myo2|,|[0.9167046759300707, -0.021667897992887347, 0.0740981075024373, 0.39203636284032517]|,1517245281.381367
|[-686080.0, 34816.0, 3993600.0]|,|[-368.0, -8032.0, -1552.0]|,|Myo2|,|[0.9174792774387974, -0.020081876274190964, 0.06921838205146673, 0.39119983295224886]|,1517245281.38202
|[-2564096.0, -303104.0, 3184640.0]|,|[12848.0, 58960.0, 1728.0]|,|Myo1|,|[0.9369384101413154, -0.018189423206652247, 0.347552267579456, -0.031984086443912006]|,1517245281.412927
|[-3012608.0, -362496.0, 2916352.0]|,|[-5968.0, 48960.0, -2720.0]|,|Myo1|,|[0.9246427198309713, -0.021667975809624054, 0.37879283908317435, -0.03289870129968272]|,1517245281.413513
|[-409600.0, 129024.0, 3971072.0]|,|[-1536.0, -7744.0, 1072.0]|,|Myo2|,|[0.91754292323188, -0.01861698986067878, 0.06372504070343818, 0.3920554946725895]|,1517245281.431398
|[-452608.0, -63488.0, 4552704.0]|,|[-1104.0, -3328.0, -384.0]|,|Myo2|,|[0.9177989995068853, -0.0186159935392432, 0.06085293625778843, 0.3919124410343626]|,1517245281.431886
|[-542720.0, -20480.0, 4284416.0]|,|[-2848.0, -2576.0, -1344.0]|,|Myo2|,|[0.918237176206117, -0.01989798720042503, 0.05847322619020607, 0.3911846624770675]|,1517245281.439333
|[-3309568.0, -192512.0, 2697216.0]|,|[-7200.0, 29888.0, 144.0]|,|Myo1|,|[0.9165408062036543, -0.025391647268295164, 0.3979042032260004, -0.03131229578998899]|,1517245281.462961
|[-3018752.0, -260096.0, 2594816.0]|,|[-1088.0, 24688.0, -320.0]|,|Myo1|,|[0.9096399229214642, -0.025513620598615852, 0.4134061060153712, -0.03161735758393065]|,1517245281.463393
|[-3135488.0, -120832.0, 2852864.0]|,|[-2416.0, 18352.0, -336.0]|,|Myo1|,|[0.9046092087675242, -0.026186056043270435, 0.424287355610193, -0.031252355930429986]|,1517245281.464288
|[-595968.0, 32768.0, 4065280.0]|,|[-2112.0, -2896.0, -1568.0]|,|Myo2|,|[0.9187160717802201, -0.02063021739713755, 0.05639739903832869, 0.3903261545996883]|,1517245281.481409
|[-454656.0, -96256.0, 3946496.0]|,|[496.0, -2672.0, -1040.0]|,|Myo2|,|[0.9190915591674114, -0.019959021108231074, 0.054688938571789115, 0.38971972408579636]|,1517245281.482007
|[-3098624.0, -309248.0, 2142208.0]|,|[1152.0, 11408.0, 992.0]|,|Myo1|,|[0.9009738566789273, -0.025086393543461764, 0.43202309854166027, -0.031190138931165356]|,1517245281.513004
|[-2662400.0, -215040.0, 1933312.0]|,|[3600.0, -7072.0, -528.0]|,|Myo1|,|[0.902849510887002, -0.023132772081271888, 0.4281088743483932, -0.032410295448958765]|,1517245281.51354
|[-538624.0, -22528.0, 3950592.0]|,|[64.0, -2432.0, 944.0]|,|Myo2|,|[0.9189198266995142, -0.019470968098116576, 0.05334679033778648, 0.39033492472556586]|,1517245281.531443
|[-571392.0, 0.0, 4071424.0]|,|[368.0, -208.0, 1344.0]|,|Myo2|,|[0.9185691419426449, -0.019288181862839777, 0.05359184707459913, 0.39113502967429525]|,1517245281.531979
|[-636928.0, -18432.0, 4143104.0]|,|[816.0, 368.0, 576.0]|,|Myo2|,|[0.9183905771004931, -0.019166199734783652, 0.05444665657142362, 0.39144216209925975]|,1517245281.532701
|[-2412544.0, 22528.0, 2473984.0]|,|[2080.0, -32144.0, -4896.0]|,|Myo1|,|[0.9120017695364583, -0.023743052359100673, 0.4079654549311797, -0.03540095210354342]|,1517245281.562952
|[-2396160.0, -215040.0, 2310144.0]|,|[-2896.0, -56544.0, -7568.0]|,|Myo1|,|[0.9267604329145067, -0.028991781192992012, 0.3725596471621542, -0.038391221832404156]|,1517245281.563453
|[-2705408.0, -360448.0, 2793472.0]|,|[-12096.0, -73424.0, -5760.0]|,|Myo1|,|[0.9437004541017947, -0.03991851089726239, 0.3262453222413875, -0.03741597428137896]|,1517245281.564208
|[-630784.0, -59392.0, 4167680.0]|,|[896.0, -2848.0, 848.0]|,|Myo2|,|[0.9182499226741014, -0.018250247731956683, 0.05322480275005428, 0.3919835817211566]|,1517245281.581309
|[-544768.0, 18432.0, 4190208.0]|,|[2416.0, -5824.0, 3136.0]|,|Myo2|,|[0.9176452832111366, -0.015259499853850216, 0.05053946351595191, 0.3938782102275818]|,1517245281.581945
|[-2594816.0, -622592.0, 3133440.0]|,|[-21440.0, -79712.0, -6672.0]|,|Myo1|,|[0.9590501835622481, -0.05719386596218346, 0.2752264051477964, -0.03467034777643565]|,1517245281.612859
|[-2072576.0, -776192.0, 3938304.0]|,|[-22464.0, -86864.0, -5680.0]|,|Myo1|,|[0.972468058550731, -0.07489444563405392, 0.21851843143432195, -0.030763488671200632]|,1517245281.620173
|[-272384.0, 69632.0, 4157440.0]|,|[3152.0, -5568.0, 4288.0]|,|Myo2|,|[0.9167040270574565, -0.011535858653296443, 0.047608305553286906, 0.39655277074321155]|,1517245281.631364
|[-270336.0, 98304.0, 4098048.0]|,|[1872.0, -1152.0, 3696.0]|,|Myo2|,|[0.915763373105686, -0.009705150724775317, 0.04712186389639336, 0.3988267599728423]|,1517245281.631819
|[-548864.0, 169984.0, 3991552.0]|,|[1344.0, 1552.0, 2992.0]|,|Myo2|,|[0.91487628704938, -0.00915547688687751, 0.04901231960108427, 0.4006436685697598]|,1517245281.632752
|[-2095104.0, -1083392.0, 3291136.0]|,|[-13680.0, -73376.0, -1584.0]|,|Myo1|,|[0.9812789093758678, -0.08587792657161449, 0.17041305684999833, -0.02600141913255705]|,1517245281.66289
|[-1873920.0, -968704.0, 4419584.0]|,|[16272.0, -47168.0, -2032.0]|,|Myo1|,|[0.9870328735582916, -0.07617444970631054, 0.1387986367244793, -0.026429115963808068]|,1517245281.663432
|[-968704.0, -1126400.0, 3461120.0]|,|[6800.0, -30096.0, -4784.0]|,|Myo1|,|[0.9898752276329834, -0.07299856777956888, 0.11828697688696027, -0.02874776373258942]|,1517245281.664195
|[-593920.0, 219136.0, 3899392.0]|,|[2208.0, -592.0, 2000.0]|,|Myo2|,|[0.9143320406553616, -0.007507532777076734, 0.049928144810152585, 0.4018055957032206]|,1517245281.681304
|[-417792.0, 243712.0, 3975168.0]|,|[1808.0, -1424.0, 640.0]|,|Myo2|,|[0.9141940141957081, -0.005676328169328406, 0.049805202001849236, 0.4021647990075792]|,1517245281.681926
|[-927744.0, -1073152.0, 4313088.0]|,|[7520.0, -13696.0, -1904.0]|,|Myo1|,|[0.9911765638240986, -0.06952091299930095, 0.10876757415693969, -0.030091141447458624]|,1517245281.712898
|[-837632.0, -921600.0, 5117952.0]|,|[5760.0, -11904.0, -80.0]|,|Myo1|,|[0.9923042004397731, -0.06647101398037232, 0.10004223316237855, -0.03009202010314376]|,1517245281.713424
|[-370688.0, 210944.0, 4079616.0]|,|[784.0, -960.0, -512.0]|,|Myo2|,|[0.9143671331028596, -0.004700017973893204, 0.049502786712044, 0.40182101717063584]|,1517245281.731367
|[-487424.0, 151552.0, 4216832.0]|,|[-176.0, -736.0, 336.0]|,|Myo2|,|[0.9142786795783937, -0.004638839685423455, 0.04925715297548326, 0.40205311852479336]|,1517245281.73192
|[-395264.0, 163840.0, 4188160.0]|,|[80.0, -2000.0, 1088.0]|,|Myo2|,|[0.9140460504362704, -0.003906440549443827, 0.048098049265027115, 0.40272960539422453]|,1517245281.732726
|[-475136.0, -565248.0, 5111808.0]|,|[7504.0, -13392.0, 1504.0]|,|Myo1|,|[0.9936569597315299, -0.06134061698588376, 0.0896610610470281, -0.02905286933858773]|,1517245281.762877
|[-94208.0, -542720.0, 4470784.0]|,|[10672.0, -14704.0, -608.0]|,|Myo1|,|[0.9950419391335701, -0.05456799739819726, 0.07770141016544196, -0.02960344377866406]|,1517245281.763468
|[-249856.0, -368640.0, 4040704.0]|,|[5392.0, -5888.0, -3568.0]|,|Myo1|,|[0.9955435551865067, -0.05102847407332432, 0.07251414736735562, -0.03210643225187631]|,1517245281.764209
|[-337920.0, 100352.0, 4163584.0]|,|[240.0, -2208.0, 1552.0]|,|Myo2|,|[0.9136889837856762, -0.003174014774323947, 0.046694640429958065, 0.40371026379574204]|,1517245281.78129
|[-460800.0, 198656.0, 4030464.0]|,|[16.0, -1408.0, 960.0]|,|Myo2|,|[0.9134453392905747, -0.002685706309975629, 0.04620635628753526, 0.4043208772108765]|,1517245281.78193
|[-888832.0, -483328.0, 4048896.0]|,|[4960.0, -912.0, -3600.0]|,|Myo1|,|[0.9955998534972391, -0.04803734195955657, 0.07257484064791965, -0.03473093719820545]|,1517245281.81285
|[-1064960.0, -141312.0, 3921920.0]|,|[5888.0, -3648.0, -2480.0]|,|Myo1|,|[0.995832530342596, -0.0435199873818125, 0.07135324719402358, -0.036500634578294354]|,1517245281.813587
|[-442368.0, 241664.0, 4087808.0]|,|[368.0, -992.0, 656.0]|,|Myo2|,|[0.9132765040679074, -0.001953140956370583, 0.04602088378448187, 0.40472742755291674]|,1517245281.831344
|[-370688.0, 188416.0, 4143104.0]|,|[-608.0, -320.0, -1248.0]|,|Myo2|,|[0.9136298886900472, -0.0021973995184955703, 0.045779156635324385, 0.40395527815010235]|,1517245281.831957
|[-245760.0, 210944.0, 4153344.0]|,|[-1824.0, -128.0, -3424.0]|,|Myo2|,|[0.9145632271550648, -0.0030517993431495756, 0.04498352231802474, 0.4019219734927991]|,1517245281.832703
|[-925696.0, -227328.0, 3422208.0]|,|[11088.0, -1648.0, 1872.0]|,|Myo1|,|[0.9961809002491915, -0.03576753921610356, 0.07122989465049975, -0.035645465703420615]|,1517245281.862871
|[-1196032.0, -475136.0, 2373632.0]|,|[3712.0, -18976.0, -2272.0]|,|Myo1|,|[0.9968693585875839, -0.03454739511147272, 0.060854687148654246, -0.03680579373183401]|,1517245281.863417
|[-471040.0, -88064.0, 3948544.0]|,|[-1248.0, -11888.0, 336.0]|,|Myo1|,|[0.9973199722279537, -0.03509540905942921, 0.05297880880623401, -0.036255083445740785]|,1517245281.864197
|[-120832.0, 233472.0, 4071424.0]|,|[-960.0, 3088.0, -3088.0]|,|Myo2|,|[0.9153254231926321, -0.0039674681586770524, 0.04614470658399772, 0.40004286633799085]|,1517245281.881282
|[-227328.0, 167936.0, 3856384.0]|,|[-2096.0, 5440.0, -1168.0]|,|Myo2|,|[0.9154676224711408, -0.006470167221092208, 0.04870937209841115, 0.3993802276189275]|,1517245281.881914
|[-552960.0, -559104.0, 4876288.0]|,|[9024.0, -22528.0, 2208.0]|,|Myo1|,|[0.9982256382033536, -0.030092041068500264, 0.03808810066276707, -0.03448682191420416]|,1517245281.912971
|[477184.0, -516096.0, 5167104.0]|,|[4720.0, -21984.0, 928.0]|,|Myo1|,|[0.9988191539974403, -0.02807729227809964, 0.02099693161666582, -0.033631713141810654]|,1517245281.91355
|[-339968.0, 147456.0, 3782656.0]|,|[-4144.0, 7136.0, 1200.0]|,|Myo2|,|[0.9148578161576606, -0.010742209329758374, 0.052002058800875765, 0.4002693680940649]|,1517245281.931279
|[-653312.0, 159744.0, 3917824.0]|,|[-3568.0, 7088.0, 1008.0]|,|Myo2|,|[0.9142620288249107, -0.014831809400123727, 0.056092316208698374, 0.4009471438247439]|,1517245281.931902
|[-770048.0, 61440.0, 4147200.0]|,|[-3408.0, 3616.0, -1088.0]|,|Myo2|,|[0.9143377582532558, -0.01831117005847642, 0.058107446318898505, 0.40034321471182277]|,1517245281.932647
|[571392.0, -231424.0, 4714496.0]|,|[48.0, -10864.0, 208.0]|,|Myo1|,|[0.9989769180781338, -0.028259687973982768, 0.011657884239807147, -0.03332567955463195]|,1517245281.963039
|[1112064.0, -143360.0, 3719168.0]|,|[8672.0, 5632.0, -1024.0]|,|Myo1|,|[0.9990958245827882, -0.02227808515930831, 0.011779919002045214, -0.03424111171060811]|,1517245281.963474
|[141312.0, -290816.0, 3221504.0]|,|[6896.0, 15712.0, -592.0]|,|Myo1|,|[0.998999114363789, -0.01770084579736658, 0.021546201953346215, -0.034974429799624306]|,1517245281.964358
|[-892928.0, 49152.0, 4308992.0]|,|[-4672.0, 608.0, -2272.0]|,|Myo2|,|[0.9148191357999331, -0.021790127534065663, 0.058168043529312534, 0.39905841405524173]|,1517245281.981256
|[-774144.0, 18432.0, 4231168.0]|,|[-3808.0, -3472.0, -864.0]|,|Myo2|,|[0.9150638845862741, -0.023560209408371252, 0.05566557248817249, 0.3987534923960865]|,1517245281.981897
|[-73728.0, -149504.0, 3817472.0]|,|[3136.0, 16736.0, 688.0]|,|Myo1|,|[0.9987564475587595, -0.01525937247996638, 0.03234986965752872, -0.03473033176440348]|,1517245282.013072
|[-1032192.0, 4096.0, 4470784.0]|,|[9824.0, 16128.0, 1120.0]|,|Myo1|,|[0.9983680621123764, -0.00781262529500423, 0.044983631581391535, -0.03430230793587794]|,1517245282.013752
|[-636928.0, -49152.0, 3987456.0]|,|[-3264.0, -5488.0, 1168.0]|,|Myo2|,|[0.9148713433050003, -0.024353436918986934, 0.05181971915844588, 0.39966492467550485]|,1517245282.031362
|[-348160.0, -88064.0, 3854336.0]|,|[-4000.0, -6656.0, 1104.0]|,|Myo2|,|[0.9147351984239209, -0.0250261198020691, 0.046389880608713456, 0.4006010347828769]|,1517245282.031876
|[-202752.0, -116736.0, 3915776.0]|,|[-2848.0, -4432.0, -592.0]|,|Myo2|,|[0.9150075980245239, -0.025574556972335103, 0.04223769313808089, 0.40040356500839686]|,1517245282.032611
|[-1007616.0, -126976.0, 4741120.0]|,|[8704.0, 10576.0, 688.0]|,|Myo1|,|[0.9979858358853798, -0.001831166671349321, 0.053409027914355194, -0.03418177786518732]|,1517245282.062988
|[-1544192.0, -2048.0, 4577280.0]|,|[2592.0, 4064.0, -288.0]|,|Myo1|,|[0.9976607127807824, 0.0001831130093816058, 0.05902342669067094, -0.03448628343353576]|,1517245282.063381
|[-1042432.0, 133120.0, 4057088.0]|,|[7280.0, -8896.0, 96.0]|,|Myo1|,|[0.9978942511934108, 0.005249183778985462, 0.05456709649317446, -0.034669027749578404]|,1517245282.070859
|[-126976.0, -157696.0, 4098048.0]|,|[-1520.0, -1504.0, -1584.0]|,|Myo2|,|[0.9154894949277803, -0.026123708502506168, 0.04010111328538914, 0.3994852153011749]|,1517245282.081259
|[-208896.0, -172032.0, 4292608.0]|,|[-1840.0, 2784.0, -672.0]|,|Myo2|,|[0.9155982261385524, -0.02801543802397144, 0.04064985125046836, 0.3990521433566999]|,1517245282.082004
|[-876544.0, 131072.0, 3446784.0]|,|[7520.0, -14480.0, 960.0]|,|Myo1|,|[0.998294643454977, 0.010376014269219008, 0.04608171043094324, -0.03430188246647695]|,1517245282.112948
|[-24576.0, 176128.0, 3549184.0]|,|[1728.0, -18240.0, 928.0]|,|Myo1|,|[0.9988151760709322, 0.011413984229116617, 0.03302120571097374, -0.033875728594437014]|,1517245282.113482
|[-352256.0, -167936.0, 4308992.0]|,|[-1088.0, 5088.0, 832.0]|,|Myo2|,|[0.9152175524430922, -0.03015322601753285, 0.04321555469719283, 0.3994997252727783]|,1517245282.131325
|[-567296.0, -167936.0, 4118528.0]|,|[224.0, 6272.0, 880.0]|,|Myo2|,|[0.9147658896324853, -0.03204457810482784, 0.04736493830351695, 0.3999163347482514]|,1517245282.13185
|[-702464.0, -167936.0, 3891200.0]|,|[272.0, 4368.0, -272.0]|,|Myo2|,|[0.914661158279179, -0.033571146950520415, 0.0507229511197863, 0.39961872560919487]|,1517245282.132634
|[217088.0, 253952.0, 4177920.0]|,|[3312.0, -11472.0, -160.0]|,|Myo1|,|[0.9990375689136901, 0.013794140430993033, 0.023865083666010072, -0.0341191349598456]|,1517245282.162946
|[641024.0, 215040.0, 4708352.0]|,|[4544.0, -5696.0, -976.0]|,|Myo1|,|[0.999096957935715, 0.016845913641044496, 0.017517308749926703, -0.034851509742885534]|,1517245282.163349
|[344064.0, 274432.0, 4784128.0]|,|[-448.0, 4912.0, -512.0]|,|Myo1|,|[0.9990537089349696, 0.016968287578440953, 0.019287693794199073, -0.035096278264760965]|,1517245282.164257
|[-808960.0, -155648.0, 3852288.0]|,|[1152.0, 1696.0, -880.0]|,|Myo2|,|[0.9148237606908453, -0.0339366166896257, 0.05285811160650333, 0.398938357344233]|,1517245282.181202
|[-774144.0, -118784.0, 3989504.0]|,|[2384.0, -2240.0, -96.0]|,|Myo2|,|[0.9149410798166909, -0.032288447713344194, 0.052796800136186636, 0.3988142105084896]|,1517245282.182004
|[233472.0, 317440.0, 4384768.0]|,|[-784.0, 9872.0, 672.0]|,|Myo1|,|[0.9989536503967175, 0.017151776595470954, 0.024659493752919093, -0.03448666824356259]|,1517245282.21292
|[-364544.0, 231424.0, 3694592.0]|,|[832.0, 15456.0, 976.0]|,|Myo1|,|[0.9986348246184492, 0.018433330299784344, 0.03546279769594273, -0.03363167216947408]|,1517245282.213465
|[-655360.0, -96256.0, 4182016.0]|,|[2208.0, -4624.0, 912.0]|,|Myo2|,|[0.9148657435589794, -0.02990754649035292, 0.05090386484276395, 0.39941833516912145]|,1517245282.231294
|[-438272.0, -45056.0, 4292608.0]|,|[2560.0, -5712.0, 800.0]|,|Myo2|,|[0.9148811115804012, -0.02667309665492263, 0.04797495187819036, 0.3999743761549382]|,1517245282.23183
|[-284672.0, -34816.0, 4192256.0]|,|[3136.0, -4160.0, -80.0]|,|Myo2|,|[0.9151313752542543, -0.023438301080346405, 0.04583896903994831, 0.3998549749410138]|,1517245282.239322
|[-649216.0, 219136.0, 3457024.0]|,|[-2752.0, 12160.0, 144.0]|,|Myo1|,|[0.9982943459379596, 0.01721197148168896, 0.04473891878041846, -0.033325306485823304]|,1517245282.262921
|[-1136640.0, 239616.0, 3844096.0]|,|[-4192.0, 8240.0, -928.0]|,|Myo1|,|[0.9979376416684682, 0.01495380563968041, 0.05255194553373401, -0.03369183964532076]|,1517245282.263455
|[-1112064.0, 178176.0, 4388864.0]|,|[-2224.0, -1776.0, -960.0]|,|Myo1|,|[0.9978963089317198, 0.01367232082700503, 0.05328542893739014, -0.034302876360610836]|,1517245282.264239
|[-184320.0, 2048.0, 4012032.0]|,|[2704.0, -1760.0, -432.0]|,|Myo2|,|[0.9153703236023397, -0.020996692093032267, 0.044923155175789965, 0.39954751872380584]|,1517245282.281327
|[-227328.0, 57344.0, 3903488.0]|,|[2528.0, 1520.0, 144.0]|,|Myo2|,|[0.9153129047245406, -0.019470846666252897, 0.04620511262179763, 0.3996101351848204]|,1517245282.281989
|[-999424.0, 75776.0, 4673536.0]|,|[-4160.0, -7792.0, -224.0]|,|Myo1|,|[0.9981195930768378, 0.010681277367360522, 0.04962216285522345, -0.034363195187565566]|,1517245282.312976
|[-462848.0, 92160.0, 4497408.0]|,|[-5824.0, -13584.0, 352.0]|,|Myo1|,|[0.9985660397390322, 0.006592000751333465, 0.040772745387877354, -0.034058670548556234]|,1517245282.3135
|[-319488.0, 83968.0, 3944448.0]|,|[2752.0, 3664.0, 720.0]|,|Myo2|,|[0.915053487119637, -0.018493943876550827, 0.04907303919718437, 0.39990864778601]|,1517245282.331405
|[-495616.0, 88064.0, 4083712.0]|,|[2176.0, 4816.0, 336.0]|,|Myo2|,|[0.9148180060012072, -0.018311008927165875, 0.0528577791030855, 0.3999734716657266]|,1517245282.331825
|[-636928.0, 129024.0, 4225024.0]|,|[1600.0, 3888.0, -384.0]|,|Myo2|,|[0.914755326697914, -0.01831097604653194, 0.05615365987603129, 0.3996675705089705]|,1517245282.332783
|[-112640.0, 20480.0, 3999744.0]|,|[-4272.0, -11776.0, 176.0]|,|Myo1|,|[0.9988965569169869, 0.003418161148020242, 0.032411492314263365, -0.033815379928628826]|,1517245282.362989
|[292864.0, -43008.0, 3616768.0]|,|[-4976.0, -9216.0, -352.0]|,|Myo1|,|[0.9991130597801466, -0.0003662214160108058, 0.024842019386066325, -0.03399755478633647]|,1517245282.363517
|[337920.0, -61440.0, 3811328.0]|,|[-6192.0, -1424.0, -496.0]|,|Myo1|,|[0.999147380037617, -0.004699715837684576, 0.022583050129133676, -0.0342407868174162]|,1517245282.364207
|[-729088.0, 149504.0, 4190208.0]|,|[1328.0, 2016.0, -464.0]|,|Myo2|,|[0.9147716168419446, -0.018067151436926377, 0.05847409147491713, 0.39930846182558233]|,1517245282.381288
|[-710656.0, 131072.0, 4067328.0]|,|[480.0, -832.0, 176.0]|,|Myo2|,|[0.9147342305197385, -0.017579304576917434, 0.058719760427064484, 0.39937982585684295]|,1517245282.381948
